<?xml version="1.0" encoding="UTF-8"?>
<MetaData xmlns="http://www.osgi.org/xmlns/metatype/v1.2.0" localization="en_us">
    <OCD id="com.eurotech.reliagate.io.monitor.ReliagateIOMonitor"
         name="ReliagateIOMonitor" 
         description="This is a metatype file for ReliaGATE I/O monitor. ">
        
        <Icon resource="http://sphotos-a.xx.fbcdn.net/hphotos-ash4/p480x480/408247_10151040905591065_1989684710_n.jpg" size="32"/>

         <AD id="poll.interval" 
            name="poll.interval"
            type="Integer"
            cardinality="0"
            required="true"
            default="5"
            min="1"
            max="60"
            description="Poll interval (sec)"/>
         
        <AD id="use.adc"  
            name="use.adc"
            type="Integer"
            cardinality="0" 
            required="true"
            default="1" 
            description="select ADC to use">
           <Option label="ADC1" value="1"/>          
           <Option label="ADC2" value="2"/>
        </AD>
        
        <AD id="battery.undervoltage.threshold" 
            name="battery.undervoltage.threshold"
            type="Float"
            cardinality="0"
            required="true"
            default="10.5"
            min="5.0"
            max="40.0"
            description="Battery undervoltage threshold"/>
        
        <AD id="normal.shutdown.delay" 
            name="normal.shutdown.delay"
            type="Integer"
            cardinality="0"
            required="true"
            default="1800"
            min="30"
            max="18000"
            description="Normal system shutdown delay (sec)"/>
        
        <AD id="publish.enabled"  
            name="publish.enabled"
            type="Boolean"
            cardinality="0" 
            required="true"
            default="true" 
            description="Enable publishing?"/>
        
 		<AD id="publish.semanticTopic"  
            name="publish.semanticTopic"
            type="String"
            cardinality="0" 
            required="true"
            default="data" 
            description="Default semantic topic to publish the messages to."/>
        
        <AD id="publish.qos"  
            name="publish.qos"
            type="Integer"
            cardinality="0" 
            required="true"
            default="0" 
            description="Default QoS to publish the messages with.">
           <Option label="Fire and forget" value="0"/>
           <Option label="Al least once" value="1"/>          
           <Option label="At most once" value="2"/>
        </AD>

        <AD id="publish.retain"  
            name="publish.retain"
            type="Boolean"
            cardinality="0" 
            required="true"
            default="false" 
            description="Default retaing flag for the published messages."/>
    </OCD>
    
    <Designate pid="com.eurotech.reliagate.io.monitor.ReliagateIOMonitor">
        <Object ocdref="com.eurotech.reliagate.io.monitor.ReliagateIOMonitor"/>
    </Designate>
</MetaData>