<?xml version="1.0" encoding="UTF-8"?>
<scr:component xmlns:scr="http://www.osgi.org/xmlns/scr/v1.1.0" 
    name="com.eurotech.reliagate.io.monitor.ReliagateIOMonitor"
    activate="activate"
	deactivate="deactivate"
	enabled="true"
    immediate="true"
    configuration-policy="require" 
    modified="updated">
   <implementation class="com.eurotech.reliagate.io.monitor.ReliagateIOMonitor"/>
<!--
   <property name="service.pid" type="String" value="com.eurotech.reliagate.io.monitor.ReliagateIOMonitor"/>
-->
   <service>
      <provide interface="com.eurotech.reliagate.io.monitor.ReliagateIOMonitor"/>
   </service>
   <reference name="AdcReaderService"
       		  interface="com.eurotech.reliagate.io.adc.AdcReaderService"
       		  policy="static"
       		  cardinality="1..1"
       		  bind="setAdcReaderService"
       		  unbind="unsetAdcReaderService"/>
   
   <reference name="IgnitionService"
       		  interface="com.eurotech.reliagate.io.ignition.IgnitionService"
       		  policy="static"
       		  cardinality="1..1"
       		  bind="setIgnitionService"
       		  unbind="unsetIgnitionService"/>
   
   <reference name="LedService"
       		  interface="com.eurotech.reliagate.io.leds.LedService"
       		  policy="static"
       		  cardinality="1..1"
       		  bind="setLedService"
       		  unbind="unsetLedService"/>
   
   <reference name="CloudService"
   			  interface="com.eurotech.framework.cloud.CloudService"
   			  policy="static"
   			  cardinality="1..1"
   			  bind="setCloudService"
   			  unbind="unsetCloudService"/>
   			  
   <reference name="PositionService"
   			  interface="com.eurotech.framework.position.PositionService"
   			  policy="static"
   			  cardinality="1..1"
   			  bind="setPositionService"
   			  unbind="unsetPositionService"/>
</scr:component>